userId,movieId,rating,timestamp
1,645757,4.5,1767437891
1,508947,5.0,1767461219
1,1497882,1.5,1767473232
1,493922,5.0,1767487617
1,644492,4.5,1767512788
1,153518,3.5,1767543287
1,1160209,2.0,1767550429
1,38745,4.0,1767563703
1,460465,5.0,1767613280
1,1525882,5.0,1767656056
1,428493,5.0,1767707785
1,39486,5.0,1767721851
1,834143,4.0,1767731007
1,37708,4.5,1767750517
1,1700361,2.5,1767762515
1,20504,4.5,1767779494
1,1585403,5.0,1767790024
1,1495694,5.0,1767799344
1,635731,5.0,1767824577
2,493607,5.0,1768474950
2,686684,5.0,1768511021
2,656663,3.5,1768516455
2,1567591,1.5,1768539424
3,20526,5.0,1769501331
3,693134,5.0,1769549941
3,1506685,2.0,1769563671
3,972262,2.5,1769586579
3,1527629,2.0,1769613415
3,20,5.0,1769630990
3,1126336,5.0,1769644847
3,1720653,2.5,1769723434
3,228165,5.0,1769735701
3,1631420,4.5,1769755048
3,424873,3.5,1769773842
3,72477,5.0,1769781768
3,178285,0.5,1769807115
3,1202164,2.5,1769815218
3,975043,5.0,1769822715
3,328480,4.5,1769864440
3,1492665,5.0,1769881133
3,1086260,4.0,1769888846
3,359410,5.0,1769914795
3,351286,5.0,1769929885
3,1521171,5.0,1769954625
3,975511,4.0,1769996566
3,411,5.0,1770004293
3,1706879,2.5,1770036667
3,776151,4.5,1770056500
3,1301310,2.5,1770083270
3,830326,5.0,1770142351
3,955916,3.0,1770150971
4,964980,5.0,1769455270
4,136795,5.0,1769492328
4,181812,3.5,1769497815
4,728949,4.5,1769505563
4,120467,5.0,1769607749
4,46705,5.0,1769627232
5,743305,0.5,1768752038
5,25983,5.0,1768769413
5,126172,3.0,1768800744
5,1182047,2.0,1768842814
5,547017,1.5,1768916507
5,1691961,0.5,1768983332
5,957452,4.5,1769025365
6,1262199,5.0,1767953954
6,10681,5.0,1767987329
6,432123,1.0,1767996254
6,871929,0.5,1768016694
6,1013482,3.0,1768020627
6,1339285,5.0,1768023382
6,345887,3.0,1768090415
6,1001835,4.5,1768095779
6,1100988,5.0,1768139987
6,51540,4.0,1768167056
6,324786,5.0,1768206168
6,532814,2.5,1768294704
6,1260300,5.0,1768315357
7,1543257,0.5,1767708429
7,19908,2.5,1767716780
7,9288,3.5,1767741790
7,1680418,0.5,1767744852
7,381284,4.5,1767753085
7,1569889,4.5,1767773766
7,1556191,5.0,1767786664
7,11059,2.0,1767801259
7,36586,4.5,1767822806
7,416477,5.0,1767849297
8,879444,5.0,1769393463
8,1214127,5.0,1769402075
8,1126915,5.0,1769418379
8,1624898,4.5,1769480835
8,625568,5.0,1769504613
8,1595325,3.5,1769532801
8,1456658,2.5,1769547554
8,1259102,5.0,1769554451
9,76341,5.0,1767726329
9,1597655,0.5,1767727385
9,1703738,1.5,1767785964
9,83533,5.0,1767808892
9,1554985,5.0,1767837011
9,1519206,5.0,1767845157
9,661374,5.0,1767855628
9,257211,5.0,1767866141
10,258230,5.0,1768491990
10,809107,5.0,1768546999
10,209112,5.0,1768559679
10,910832,5.0,1768574651
10,519182,5.0,1768580448
10,297762,5.0,1768588263
10,76338,5.0,1768598935
10,9757,4.0,1768602025
10,11078,3.5,1768635373
10,887256,2.0,1768660515
10,810,5.0,1768664579
11,1415228,5.0,1768634990
11,18162,5.0,1768672223
11,930600,5.0,1768679548
11,1554293,5.0,1768708025
11,823452,4.5,1768738332
11,6479,5.0,1768756747
11,57210,5.0,1768773712
12,862551,4.5,1769436463
12,1597863,5.0,1769445619
12,466532,5.0,1769463462
12,1243341,5.0,1769486593
12,767,5.0,1769497245
12,420817,5.0,1769512140
12,107257,5.0,1769519533
12,206563,5.0,1769558790
12,157354,4.5,1769586354
12,1228246,5.0,1769610032
13,13291,5.0,1767970747
13,1583083,1.0,1767986586
13,646389,4.0,1768008576
13,630586,4.5,1768018070
13,884184,3.5,1768072863
13,504562,5.0,1768134730
13,1341530,5.0,1768169811
13,10140,2.0,1768184610
13,1264573,5.0,1768194834
13,574060,5.0,1768213047
13,244786,5.0,1768238401
13,598387,5.0,1768282145
13,746689,4.5,1768300966
13,1673097,2.0,1768367924
14,474350,5.0,1767612145
14,977623,2.5,1767649427
14,1116886,4.0,1767655084
14,1288932,5.0,1767661205
14,504949,5.0,1767675092
14,1007734,5.0,1767702926
14,39054,5.0,1767727224
14,823855,5.0,1767775462
14,832964,5.0,1767817264
14,19824,2.5,1767921006
14,693134,5.0,1767952595
14,1626468,3.5,1767983928
14,617126,5.0,1767989319
14,833200,5.0,1768012270
14,308457,5.0,1768019159
14,522438,4.5,1768044170
14,13078,5.0,1768062221
14,961484,5.0,1768085180
14,650670,4.0,1768092601
14,1230522,5.0,1768120851
14,274862,5.0,1768130407
14,10681,5.0,1768137331
14,4147,5.0,1768207670
14,1043197,5.0,1768235089
14,274479,5.0,1768244478
14,860623,5.0,1768316170
14,430642,4.5,1768322363
14,36419,5.0,1768374015
14,177572,5.0,1768377022
14,136418,5.0,1768384846
14,17332,5.0,1768417238
14,34813,5.0,1768422061
14,19913,5.0,1768424366
14,967941,5.0,1768472798
14,1904,4.5,1768479192
14,1330566,5.0,1768538424
14,757725,5.0,1768545680
14,228150,5.0,1768573929
14,1261934,3.5,1768596824
14,220471,5.0,1768602528
15,124905,5.0,1768918312
15,1214502,5.0,1768967930
15,1214931,4.5,1768981752
15,1722824,2.5,1768995041
15,676547,3.5,1769000955
15,46169,4.5,1769008288
15,339526,5.0,1769031843
15,1443225,2.0,1769070457
15,312221,4.0,1769100433
15,506528,5.0,1769108026
15,1260300,5.0,1769131063
15,1167307,5.0,1769201579
15,360784,5.0,1769207379
15,447362,5.0,1769212630
16,1692917,5.0,1767847511
16,377264,4.5,1767855648
16,1064028,4.5,1767868901
16,786892,5.0,1767876056
16,60935,5.0,1767904890
16,49013,4.0,1767920673
16,12444,5.0,1767936345
16,672,5.0,1767985977
16,1554993,5.0,1767992682
16,411,5.0,1768002234
17,976463,0.5,1769065034
17,1215532,5.0,1769094209
17,315635,5.0,1769117377
17,83533,5.0,1769150667
17,521034,5.0,1769162825
17,497698,5.0,1769207850
17,44896,5.0,1769230433
17,467244,5.0,1769243999
17,10477,5.0,1769267173
17,9392,5.0,1769273758
18,369885,5.0,1769728415
19,370172,4.0,1769705952
19,1472459,1.5,1769767173
19,862965,5.0,1769785104
19,155,5.0,1769798844
19,1497495,3.0,1769806103
19,777443,4.5,1769826450
19,1715450,1.5,1769835246
20,50620,3.0,1769086410
20,889737,5.0,1769170986
20,1094974,4.5,1769176918
20,359245,4.5,1769185463
20,47971,4.5,1769205444
20,390054,5.0,1769226662
20,102651,5.0,1769234747
20,1723165,1.5,1769324401
20,203696,5.0,1769331935
20,1241436,4.5,1769370016
20,451156,5.0,1769419053
20,45612,5.0,1769467941
20,616446,5.0,1769474714
21,534,5.0,1769152672
21,168259,5.0,1769182330
21,412117,5.0,1769195613
21,513427,3.5,1769204449
21,20033,4.5,1769211464
21,1386039,3.5,1769236939
21,646593,5.0,1769244672
21,119283,3.5,1769280077
21,451156,5.0,1769287534
21,1442976,1.0,1769308473
22,565770,5.0,1769124905
22,15655,5.0,1769142247
22,345938,5.0,1769152547
22,6519,4.0,1769161546
23,375588,4.5,1768874803
23,324786,5.0,1768880601
23,376004,2.0,1768889750
23,1488715,5.0,1768953685
23,9957,2.0,1768957821
24,1496308,2.0,1767492404
24,157336,4.0,1767540991
24,1022256,5.0,1767568790
24,1538434,5.0,1767578186
24,1473017,2.0,1767589870
24,462181,3.0,1767602922
24,1002185,5.0,1767630864
24,803796,5.0,1767674189
24,339964,3.0,1767698655
24,18606,5.0,1767723758
24,456048,3.5,1767751322
24,1192548,5.0,1767775160
24,620705,3.5,1767780167
24,336000,4.0,1767785392
24,490132,5.0,1767808525
24,76025,5.0,1767823166
24,626332,5.0,1767849496
25,991494,5.0,1768634616
25,122917,5.0,1768660414
25,390401,5.0,1768679279
25,325348,5.0,1768686326
25,335983,4.5,1768790241
25,1197306,3.5,1768805998
25,490132,4.0,1768895336
25,1547534,2.0,1768904411
25,137116,4.0,1768922322
26,1326858,5.0,1767498634
26,22,5.0,1767521403
26,49021,5.0,1767545268
26,661231,5.0,1767576831
26,1542180,2.0,1767581631
26,39514,5.0,1767592888
26,456740,5.0,1767609986
26,1550248,5.0,1767650607
26,646389,5.0,1767677012
26,114150,5.0,1767687613
26,82702,5.0,1767722093
26,260513,5.0,1767726073
26,438631,4.0,1767730010
26,1534,5.0,1767739207
26,157370,5.0,1767771291
26,1720550,5.0,1767811503
26,976912,3.5,1767814868
26,1574114,5.0,1767830331
26,49521,5.0,1767859188
26,1517300,5.0,1767878259
26,604,5.0,1767905995
26,1211776,4.0,1767914354
26,515042,5.0,1767917351
26,360784,3.5,1767919763
26,1717588,2.0,1767970866
26,1072790,4.5,1767988122
26,1559680,2.5,1768031132
26,41216,5.0,1768064016
27,22881,5.0,1768208809
28,137106,5.0,1769082744
28,276908,3.5,1769087347
28,44221,5.0,1769111527
28,1567591,2.0,1769141033
28,402431,5.0,1769149195
29,726209,5.0,1767772555
29,1420961,5.0,1767833456
29,682060,1.5,1767854773
29,1245347,5.0,1767874521
29,567970,5.0,1767906178
29,83533,5.0,1767929182
29,542224,5.0,1767949087
29,567609,3.5,1767955527
29,9902,5.0,1767985313
29,497582,5.0,1767991404
29,272878,5.0,1768003131
30,278154,2.5,1768266756
30,38543,5.0,1768299401
30,43919,4.5,1768315232
30,615777,4.0,1768317650
30,1314514,5.0,1768327007
30,429617,5.0,1768361564
31,71672,4.5,1767323419
31,1233575,4.5,1767340147
31,1533616,5.0,1767348257
31,284053,3.5,1767370468
31,569094,5.0,1767396370
31,436270,4.0,1767418370
31,1865,4.5,1767436490
31,458723,4.0,1767475631
32,848538,4.5,1768850601
32,822119,5.0,1768879910
32,9472,5.0,1768902684
32,83533,5.0,1768950008
32,55301,3.5,1768981252
32,11362,4.0,1768984810
32,1230368,5.0,1768992828
32,615658,5.0,1768999879
32,9364,5.0,1769040800
32,1534078,4.5,1769048468
32,35,5.0,1769058567
32,3580,3.5,1769068272
32,662546,5.0,1769114103
32,1086747,5.0,1769151483
32,401478,5.0,1769169829
32,424783,4.5,1769195511
32,1718512,5.0,1769201695
32,1024452,5.0,1769211278
33,1261902,4.5,1769603095
33,582596,5.0,1769608126
33,454652,5.0,1769629872
33,9806,5.0,1769642149
33,1339206,4.5,1769696954
33,1175942,5.0,1769722850
33,1031876,3.0,1769728297
33,1354129,1.5,1769759104
34,933260,5.0,1768335594
34,773204,0.5,1768375466
34,277558,5.0,1768450906
34,1395697,5.0,1768477634
34,1649805,5.0,1768495797
34,1217585,5.0,1768559838
34,1301310,4.0,1768564800
34,1585354,5.0,1768574859
34,899112,5.0,1768667258
34,1380632,5.0,1768676856
34,315162,5.0,1768682365
34,1254896,5.0,1768693339
34,22164,5.0,1768716503
34,537056,5.0,1768747612
34,426063,3.5,1768749928
34,1701630,2.5,1768781012
34,1534920,3.0,1768791339
34,500916,5.0,1768811532
34,545611,5.0,1768824758
34,1124641,5.0,1768831854
34,1684384,2.0,1768849918
34,645886,5.0,1768854820
34,68734,5.0,1768870604
34,428078,2.5,1768887146
34,280002,5.0,1768905916
35,764835,4.5,1769054233
35,11078,2.5,1769085960
35,1619399,1.5,1769149828
36,101325,5.0,1769235303
36,88751,3.0,1769244433
36,1723355,1.0,1769266496
36,1411780,2.0,1769274598
36,1499885,4.0,1769308977
36,337339,5.0,1769326499
36,529485,4.5,1769337592
36,1175942,5.0,1769350832
36,1017141,1.0,1769359832
36,11036,4.0,1769385538
36,359410,5.0,1769396488
36,1125257,5.0,1769413615
36,1197137,5.0,1769493630
36,43549,4.5,1769502859
36,1635786,1.5,1769510029
36,791373,5.0,1769533088
36,10596,5.0,1769542489
36,2567,5.0,1769563746
36,334531,4.5,1769600792
36,56527,3.0,1769617636
36,1228246,3.0,1769625075
36,823464,3.5,1769642494
36,359724,5.0,1769652490
36,835537,5.0,1769674403
36,1084153,4.0,1769694603
36,446101,4.0,1769702517
36,1401924,5.0,1769714139
36,307663,4.0,1769723385
36,1099230,3.0,1769724073
37,51620,3.5,1768142472
37,268227,4.0,1768157447
37,43593,4.0,1768184929
37,333339,5.0,1768237180
37,502356,5.0,1768258396
38,1195506,4.5,1769052986
38,299534,5.0,1769157624
38,1411773,5.0,1769183169
39,619304,1.0,1768624750
39,9600,2.5,1768653067
39,1288932,5.0,1768668520
39,997113,4.0,1768742096
39,713704,4.0,1768758693
39,1697423,4.5,1768786122
39,39538,5.0,1768825606
39,1125257,5.0,1768836673
39,808023,2.5,1768859461
39,785398,4.5,1768870668
39,537116,5.0,1768878477
39,127509,5.0,1768886297
39,1007734,5.0,1768898084
40,786892,5.0,1768820235
40,72559,5.0,1768848640
40,274855,4.0,1768850575
40,535292,5.0,1768920276
41,696002,4.5,1768465970
42,645788,5.0,1769433575
42,116,5.0,1769443377
42,58626,3.5,1769473226
42,1585709,4.0,1769511227
42,1296220,0.5,1769530986
42,333669,5.0,1769541338
42,800939,4.0,1769547889
42,468772,4.5,1769582192
42,80188,5.0,1769652930
43,950387,5.0,1767427011
43,80304,4.5,1767473288
43,150540,5.0,1767484464
43,77951,3.5,1767486992
43,497582,5.0,1767575213
43,454765,3.5,1767591961
43,1387330,1.5,1767604958
44,514593,5.0,1769711862
44,502033,5.0,1769737219
44,1579691,5.0,1769744404
44,346698,4.0,1769752301
44,1305998,5.0,1769817377
44,1720550,5.0,1769833766
44,795859,4.0,1769836368
44,1411773,5.0,1769847672
44,1415784,5.0,1769876364
44,152603,5.0,1769895125
44,1399011,5.0,1769912478
44,337167,5.0,1769920310
44,1586097,0.5,1769985683
45,572802,4.5,1768572058
45,1591993,5.0,1768582575
45,1720697,3.0,1768593519
45,804150,3.0,1768597121
45,1584091,1.5,1768624267
45,12184,5.0,1768633532
45,1705268,3.5,1768679219
45,502356,4.5,1768705215
45,1241983,5.0,1768731887
45,522402,5.0,1768740942
45,41283,5.0,1768751334
45,921655,5.0,1768792351
45,977555,2.5,1768817739
45,13186,5.0,1768827444
45,1381834,3.0,1768900258
45,1011985,5.0,1768922348
45,171274,5.0,1768938688
45,420817,5.0,1768948180
45,161,5.0,1768956284
45,473033,5.0,1768993425
45,329865,5.0,1768999169
45,1267116,3.5,1769004596
45,980489,4.5,1769025390
46,1001414,5.0,1769723974
46,1387791,4.0,1769734918
46,1311798,2.0,1769742476
46,551806,5.0,1769752936
46,1531861,3.0,1769763787
46,54469,5.0,1769773615
46,869291,4.5,1769779493
46,14926,5.0,1769786585
46,1487031,5.0,1769832120
46,172533,5.0,1769870750
46,1160185,3.0,1769889297
47,585511,5.0,1768759777
47,354287,5.0,1768786199
47,157336,5.0,1768802544
47,1197306,5.0,1768872396
47,1565762,1.0,1768882369
47,948549,5.0,1768913835
47,1477735,1.0,1768927656
47,506406,5.0,1768943712
47,82690,5.0,1769000902
47,545609,5.0,1769007655
47,961484,5.0,1769026294
47,1366794,5.0,1769036510
48,1374686,5.0,1767900655
48,402431,5.0,1767910399
48,1447182,5.0,1767932527
48,335795,5.0,1767971425
48,1455080,5.0,1768002402
49,335984,5.0,1767637749
49,537140,5.0,1767647866
49,1321764,2.0,1767677062
49,508943,5.0,1767797052
49,14164,2.5,1767819613
49,594767,4.0,1767856329
49,1579,4.0,1767879928
50,1022789,5.0,1768421952
50,1284004,5.0,1768429392
50,515001,5.0,1768458161
50,442062,5.0,1768469102
50,1072790,5.0,1768515138
50,1368166,5.0,1768534438
50,11283,5.0,1768553446
51,8053,5.0,1767391060
51,501929,5.0,1767415289
51,1662585,1.5,1767434997
51,1697565,0.5,1767449151
51,328111,4.5,1767505088
52,452507,4.5,1768946732
52,537116,5.0,1769063170
52,839033,4.5,1769091583
52,273477,4.5,1769115093
52,1245993,3.0,1769164147
52,1714283,0.5,1769170233
52,1723787,1.5,1769177691
52,519323,0.5,1769209347
52,800279,5.0,1769217161
52,301528,5.0,1769280652
52,1671487,2.0,1769290903
53,1723960,0.5,1769272882
53,1659447,2.0,1769296895
53,487558,5.0,1769315135
53,487291,4.0,1769323122
53,1301310,4.5,1769336173
53,361743,4.0,1769429318
54,744275,5.0,1769593976
54,883954,5.0,1769657692
54,1057006,4.0,1769688218
54,1556238,2.0,1769698905
54,447362,5.0,1769724011
54,1137350,5.0,1769737496
54,441183,5.0,1769743782
54,1453287,5.0,1769757483
54,374720,5.0,1769764255
54,1600857,5.0,1769780424
54,11565,4.5,1769789090
55,189680,5.0,1767359251
55,1478406,5.0,1767383063
55,76493,4.5,1767387467
55,254128,5.0,1767429063
55,965150,5.0,1767445842
55,899112,5.0,1767464291
55,1643221,3.0,1767478585
55,413337,5.0,1767517620
55,523931,4.5,1767535621
55,602147,5.0,1767580034
55,884747,3.5,1767584190
55,1271182,0.5,1767596616
55,1242419,5.0,1767613477
55,812583,5.0,1767618558
56,1415228,5.0,1767466790
56,1314514,5.0,1767497887
56,10708,5.0,1767549068
56,375846,5.0,1767574102
56,967941,5.0,1767590558
56,755898,3.0,1767599338
56,35583,5.0,1767617156
56,119283,4.5,1767639161
56,515195,5.0,1767654456
56,775996,4.5,1767711160
57,181812,5.0,1769422670
57,10193,5.0,1769450841
57,315162,5.0,1769491664
57,1008042,4.0,1769561066
57,605722,5.0,1769565702
57,522627,4.5,1769591385
57,40205,5.0,1769606402
57,578189,4.5,1769613491
57,168672,4.5,1769621224
57,429737,2.0,1769648663
57,1139231,2.5,1769674455
58,579051,4.0,1769660817
58,374573,1.0,1769669416
58,1006462,2.0,1769682386
58,44833,2.0,1769702970
58,339988,3.5,1769753681
58,823464,4.0,1769784568
58,116,4.0,1769800733
58,37169,3.0,1769807151
58,505026,5.0,1769825993
58,1483948,0.5,1769846607
58,458897,2.5,1769859403
58,1556834,4.0,1769875031
58,1417059,3.0,1769908241
58,336455,4.0,1769922915
58,260513,3.5,1769958434
58,409502,4.5,1769967324
58,416494,4.5,1769972045
58,1723303,0.5,1770074853
58,1551063,5.0,1770190918
59,1205748,2.0,1767815111
59,1022796,4.5,1767842744
59,1077280,4.5,1767853597
59,1648732,2.5,1767906899
59,98566,4.5,1767971159
59,1208348,5.0,1767979813
59,1448560,4.0,1767987436
59,1262204,2.0,1767992366
59,669671,3.0,1768001470
59,976573,5.0,1768021045
59,399579,5.0,1768047296
59,420809,4.5,1768050571
59,38321,4.5,1768060696
59,10185,5.0,1768072395
59,22804,3.0,1768079641
59,504608,5.0,1768083922
59,1582280,4.5,1768123990
59,506593,4.0,1768140579
60,913290,4.0,1768474221
60,1720151,2.0,1768577610
60,20829,3.0,1768585813
60,425148,5.0,1768600075
60,866398,4.5,1768620946
60,43347,5.0,1768693526
61,624442,4.0,1767613427
61,1522923,4.5,1767695045
61,22084,1.5,1767711006
61,582246,4.5,1767766451
61,1008042,4.5,1767775461
61,268920,2.0,1767799986
61,17612,5.0,1767805177
61,246741,4.0,1767806637
61,20697,4.0,1767830803
61,266856,5.0,1767848360
61,637649,3.0,1767856440
61,324807,5.0,1767865086
61,1370054,2.5,1767883511
61,10590,5.0,1767903583
61,60304,3.5,1767909339
61,49517,5.0,1767939810
62,337170,2.5,1769328898
62,5176,4.0,1769335924
62,7090,3.0,1769365350
62,1600680,4.0,1769373919
62,1011477,2.0,1769391362
62,622357,4.0,1769401872
62,205587,4.0,1769424215
62,1466211,5.0,1769454015
62,858024,5.0,1769462049
62,26577,1.5,1769462847
62,1594478,1.0,1769479622
62,27205,5.0,1769530017
62,1470018,1.0,1769541401
62,1577765,3.5,1769581389
63,1567607,2.5,1768317748
63,135397,5.0,1768337817
63,682532,5.0,1768376298
63,72849,4.0,1768384871
63,1127773,2.0,1768398725
64,298618,5.0,1769688011
64,524251,4.5,1769711677
64,1342468,5.0,1769744852
64,284054,4.0,1769767587
65,585083,5.0,1767852410
65,955916,5.0,1767897480
65,490132,5.0,1767972164
65,770698,5.0,1767989094
65,447365,5.0,1768000380
65,16784,4.0,1768010571
65,75204,5.0,1768057466
66,438148,3.5,1767434944
66,505642,4.5,1767447552
66,1016121,4.5,1767462842
66,1721146,2.5,1767479601
66,507244,5.0,1767490367
66,1657425,3.0,1767518920
67,934433,5.0,1767309467
67,1232546,3.5,1767313003
67,1517824,4.5,1767350094
67,1202479,5.0,1767359787
67,1035048,2.5,1767388293
67,1061474,4.0,1767421711
67,1536233,3.5,1767460759
67,33871,5.0,1767479326
68,44896,5.0,1767723233
68,9373,4.5,1767786804
68,11430,5.0,1767792184
68,846422,2.5,1767799465
68,636706,5.0,1767901594
68,482273,3.0,1767926549
68,1139829,5.0,1767942126
68,551238,3.0,1767972066
68,299536,5.0,1768029074
68,351211,4.5,1768089970
68,32657,5.0,1768114638
68,560057,4.5,1768129859
69,1455080,5.0,1767301977
69,1584091,3.0,1767328796
69,1389009,2.0,1767392549
69,1064028,5.0,1767401114
69,18032,3.5,1767419836
69,83533,5.0,1767429191
69,1695045,0.5,1767476258
69,446574,5.0,1767482909
69,474350,5.0,1767499746
69,1138194,5.0,1767525177
70,939243,5.0,1769016418
70,14161,5.0,1769062448
71,1534078,5.0,1767860478
71,361743,5.0,1767867175
71,347969,3.5,1767901819
71,1471351,5.0,1767937464
71,12657,5.0,1767954670
72,1014590,5.0,1767938160
72,1721516,2.0,1767944367
72,1254896,2.5,1767972127
72,1547301,3.0,1768049989
72,1249213,3.5,1768071201
72,1300642,1.5,1768122381
72,371250,4.5,1768136085
72,619304,2.5,1768158394
72,27205,5.0,1768162765
73,94365,2.0,1767371634
73,1300533,0.5,1767393147
73,14844,3.0,1767435791
73,834500,5.0,1767469069
73,1064213,5.0,1767491342
73,78309,4.5,1767503758
74,23706,3.5,1767250006
74,693134,5.0,1767261867
74,15155,4.5,1767299454
74,1470245,0.5,1767336542
74,12244,4.5,1767368284
74,475430,2.5,1767391923
75,671,5.0,1768243784
75,458005,5.0,1768266593
75,1579533,2.5,1768313566
75,414906,5.0,1768346624
75,830784,5.0,1768356239
75,1579132,5.0,1768471091
75,419479,5.0,1768500464
75,205584,4.5,1768509002
76,325358,3.5,1769738694
76,638974,5.0,1769751047
76,258255,3.0,1769758339
76,521007,4.0,1769799424
76,381288,4.5,1769826123
76,1043565,5.0,1769838532
76,548755,5.0,1769876344
76,466420,5.0,1769883772
76,581032,4.5,1769898579
76,1184918,4.5,1769928824
76,571055,5.0,1769947745
76,12783,4.5,1769955410
76,554241,5.0,1769976127
76,497698,3.5,1770002483
77,1214931,5.0,1769698661
77,535994,4.0,1769724881
77,460465,5.0,1769754214
77,1100099,3.5,1769767986
77,186,5.0,1769789364
77,1245119,4.5,1769799579
77,522681,5.0,1769826180
77,474335,3.0,1769839304
77,1038392,4.5,1769848797
77,376659,2.5,1769880479
77,713704,5.0,1769950680
77,1534078,5.0,1769981977
77,244786,5.0,1769988696
78,446574,4.5,1769290295
78,1119878,4.5,1769303157
78,1721131,3.0,1769310137
78,419767,5.0,1769340211
78,24021,4.5,1769350333
78,737568,5.0,1769392977
78,1141581,5.0,1769406652
78,434203,5.0,1769423942
78,1225572,3.5,1769444997
78,842931,5.0,1769479378
78,1390983,3.5,1769552602
78,1619571,5.0,1769574897
78,531309,5.0,1769655775
78,1703738,1.5,1769661545
78,227306,5.0,1769667745
78,518244,4.5,1769678219
79,1084242,5.0,1768971117
79,11820,5.0,1768979756
79,166428,4.5,1768993997
79,1520664,5.0,1769037798
79,567965,4.0,1769062110
80,676372,2.0,1769124492
80,550988,5.0,1769154904
80,455,3.5,1769163974
80,928480,5.0,1769175822
80,141043,3.0,1769257125
80,614479,4.5,1769292616
81,739870,5.0,1767780210
81,447365,5.0,1767789796
81,474350,5.0,1767801425
81,33909,5.0,1767866723
81,395991,5.0,1767975579
81,1317149,5.0,1767982628
81,27205,5.0,1768035497
81,205601,5.0,1768061197
81,30124,5.0,1768088980
81,457232,5.0,1768091476
82,574475,5.0,1768577891
82,245627,3.5,1768582566
82,210479,5.0,1768625923
82,1365,5.0,1768694723
82,314095,5.0,1768717926
82,1323833,2.5,1768743355
82,569547,5.0,1768757078
82,49009,5.0,1768764768
82,28178,5.0,1768773009
82,497582,4.5,1768801121
82,2789,3.5,1768822954
82,948549,5.0,1768839951
82,407375,5.0,1768850540
82,33217,5.0,1768857318
82,1335303,2.5,1768888299
82,227306,4.5,1768918030
82,4959,5.0,1768950219
82,1524401,3.0,1769006320
82,87428,4.5,1769015021
83,507086,5.0,1767933222
83,44982,5.0,1767952470
83,522938,5.0,1767990182
83,470897,5.0,1768017180
83,1534281,5.0,1768023660
83,433627,5.0,1768051452
83,157336,5.0,1768088706
84,83533,5.0,1767845248
84,4248,3.5,1767856443
84,804862,2.5,1767898552
84,1001414,4.0,1767973922
84,497698,4.5,1767979921
84,1634967,2.0,1767996159
84,181812,5.0,1768019697
84,134366,2.0,1768023115
84,1547439,0.5,1768040332
84,72976,5.0,1768087069
84,693134,4.5,1768096079
84,631843,3.5,1768101350
84,198184,3.5,1768107748
84,709614,4.5,1768135772
85,1186532,4.5,1769285272
85,202575,5.0,1769299830
85,1301582,5.0,1769328709
85,261023,4.0,1769357623
85,508442,5.0,1769473037
85,1413652,2.0,1769477582
85,2135,3.0,1769505194
85,339395,3.5,1769524047
85,1587655,0.5,1769527908
85,1079485,3.5,1769539614
85,310133,4.0,1769551050
85,308639,3.5,1769620951
85,1045938,4.0,1769634381
85,315635,3.5,1769653439
85,1297028,3.5,1769666573
85,259695,4.0,1769695609
85,455005,4.0,1769706851
85,324857,5.0,1769723299
85,1194955,1.0,1769732735
85,1127695,0.5,1769756821
85,1173019,2.0,1769758987
85,30074,4.5,1769795548
85,475557,5.0,1769832957
85,1579212,0.5,1769851486
85,1624408,5.0,1769865277
85,568124,5.0,1769907834
85,83533,5.0,1769929447
85,587807,4.0,1769938816
85,1506685,0.5,1770008191
85,1504851,1.0,1770019045
85,463821,4.5,1770025441
85,1389984,3.5,1770036935
85,390401,2.0,1770054384
85,116711,4.5,1770062821
85,1245358,4.5,1770070574
85,1721131,0.5,1770092063
85,1387382,4.5,1770098725
85,13486,4.0,1770103875
86,1576770,5.0,1768153342
86,115290,4.0,1768159250
86,492336,5.0,1768169230
86,284052,5.0,1768177797
86,453395,4.5,1768232953
86,605722,5.0,1768237568
86,87428,4.5,1768247043
86,877269,4.5,1768294043
86,235271,2.5,1768306256
86,9293,4.5,1768322856
86,19543,4.5,1768328402
87,934207,5.0,1767791460
87,528998,5.0,1767801710
87,1566059,5.0,1767822558
87,799876,5.0,1767844232
87,817758,5.0,1767863240
87,1295451,3.5,1767865734
87,324668,5.0,1767876261
87,560016,4.5,1767877931
87,869291,4.0,1767886210
87,1242419,4.5,1767938207
87,201550,5.0,1767967118
88,870219,4.5,1767683243
88,1257009,3.5,1767685258
88,1671487,2.5,1767714748
88,9053,4.5,1767728835
88,1663726,1.5,1767737320
88,1054867,5.0,1767747078
88,1380415,4.5,1767918820
88,1389009,1.0,1768022373
88,1096913,2.0,1768042268
88,150689,3.5,1768126172
88,44221,2.5,1768171821
88,456048,4.0,1768180143
88,259072,4.5,1768229604
88,1078545,2.5,1768245576
88,338969,4.0,1768257952
89,17317,4.5,1768619684
89,39254,5.0,1768630589
89,267860,3.0,1768637414
89,1301310,4.5,1768652403
89,625568,5.0,1768713429
89,524659,5.0,1768727712
89,1594441,2.0,1768741112
89,1370814,3.5,1768743236
90,866398,5.0,1768352101
90,301365,5.0,1768359698
90,428449,4.5,1768411145
90,383585,5.0,1768426573
90,390054,5.0,1768446950
90,1241982,5.0,1768462871
90,10681,5.0,1768469238
90,1495694,5.0,1768542238
90,855,5.0,1768549725
90,1093402,5.0,1768594464
90,780609,3.5,1768638433
90,362998,4.0,1768661402
90,200494,5.0,1768702668
90,845781,5.0,1768710683
90,554241,5.0,1768723765
90,299536,5.0,1768729421
90,1722828,0.5,1768866694
90,47971,5.0,1768921680
90,639933,5.0,1768966557
90,1481255,5.0,1769007669
90,1563261,5.0,1769069279
90,1478223,2.5,1769079091
90,940551,5.0,1769094188
90,297270,5.0,1769118016
90,1625389,2.5,1769141008
91,550776,5.0,1768406993
91,964980,5.0,1768415506
91,379149,5.0,1768427791
92,1228246,4.0,1768851376
92,1097699,2.0,1768856177
92,72105,3.5,1768914326
92,44683,5.0,1768938775
92,10197,3.0,1768948152
92,150540,5.0,1768983029
92,1604550,1.0,1768997227
92,1035048,3.0,1769046277
92,357530,1.0,1769059777
93,1663082,5.0,1769556024
93,1124619,4.5,1769584754
93,1648141,5.0,1769599784
93,301337,5.0,1769650083
93,421658,5.0,1769657171
93,1593329,1.5,1769673753
93,9902,5.0,1769680384
93,13830,5.0,1769690683
93,897087,4.0,1769695240
93,693134,5.0,1769703152
93,534490,5.0,1769755197
93,1027073,4.5,1769771161
93,84892,4.5,1769788699
93,430983,4.5,1769794944
93,447404,5.0,1769820073
93,9502,5.0,1769827065
93,1465038,5.0,1769833408
93,10362,4.5,1769839690
93,257088,5.0,1769846738
93,1722803,5.0,1769875994
93,1245358,5.0,1769900503
93,1895,5.0,1769908394
93,433502,5.0,1769929187
93,107,4.5,1769936319
94,1276507,1.5,1767444440
94,1301310,4.5,1767459061
94,324852,5.0,1767509522
94,1701630,0.5,1767511535
94,928701,0.5,1767515949
94,502356,5.0,1767541684
94,9502,5.0,1767559101
94,138843,4.5,1767575031
94,60307,4.5,1767584022
94,1516391,4.5,1767610511
94,953,5.0,1767616801
94,1508300,2.0,1767635693
94,312221,5.0,1767643558
94,1022796,5.0,1767659803
94,403119,5.0,1767672930
94,446893,5.0,1767695107
95,497582,5.0,1769027443
95,976573,5.0,1769059924
95,120,4.5,1769120586
95,1364608,5.0,1769183394
95,653346,5.0,1769292394
95,634649,5.0,1769306948
95,449176,5.0,1769348847
95,954061,3.5,1769359714
95,315162,4.5,1769384241
95,11247,5.0,1769403624
95,227300,5.0,1769426873
95,1242419,5.0,1769455414
95,1288070,5.0,1769467177
95,1240443,5.0,1769549997
95,179,5.0,1769586971
95,1303055,4.5,1769598603
95,346910,4.0,1769627867
95,1674269,1.0,1769629221
96,297802,5.0,1767436646
96,744275,5.0,1767489695
96,367284,5.0,1767499190
96,13205,5.0,1767524670
96,1531102,2.5,1767548641
96,336011,5.0,1767556093
96,15167,4.5,1767577806
96,939979,5.0,1767601901
96,424694,5.0,1767653943
96,332979,5.0,1767672387
96,1402176,2.5,1767703876
97,1690156,5.0,1769678080
97,634528,5.0,1769684016
97,15028,4.0,1769707802
98,575264,5.0,1768724817
98,1771,5.0,1768750764
98,360784,5.0,1768769239
98,1233413,5.0,1768795199
98,49049,5.0,1768801937
98,493922,5.0,1768866405
98,337170,5.0,1768882213
98,1032823,5.0,1768888412
99,1197137,4.0,1767493476
100,930161,4.5,1768301871
100,14771,2.0,1768350703
101,1134323,5.0,1768863036
101,1217048,5.0,1768880262
101,1614666,3.5,1768892292
101,1684972,5.0,1768936466
101,606876,3.5,1768955281
101,31867,5.0,1768974334
101,881415,4.5,1768988917
101,14326,4.5,1768997945
102,1547446,2.5,1769463526
102,271110,5.0,1769478590
102,559581,4.5,1769522498
102,428078,5.0,1769552584
102,653346,5.0,1769565972
102,357530,5.0,1769578330
102,1372154,1.0,1769610266
102,533535,5.0,1769655819
102,83533,5.0,1769689168
102,46529,5.0,1769704424
102,785395,3.0,1769718586
103,447365,5.0,1768790124
103,440,5.0,1768797740
103,1534078,5.0,1768837192
103,269149,4.5,1768859059
103,4348,4.0,1768866854
103,786892,5.0,1768877905
103,814800,5.0,1768916934
103,364223,4.5,1768927575
104,399579,5.0,1767800341
104,817648,3.5,1767854743
104,616446,3.5,1767855718
104,1656,3.5,1767868785
104,463272,4.0,1767885507
104,560016,5.0,1767952505
105,1355755,5.0,1768550415
105,755898,4.0,1768571664
105,1587655,0.5,1768607399
105,161143,5.0,1768617482
105,1041613,5.0,1768735598
105,338953,5.0,1768749740
105,29406,3.0,1768767024
105,664474,4.0,1768773327
105,51170,3.5,1768774436
106,131631,5.0,1769192305
106,11968,4.5,1769196331
106,1478406,5.0,1769202286
106,431693,5.0,1769279985
106,253279,5.0,1769292914
106,939243,5.0,1769300671
106,1721416,2.0,1769318528
106,616037,5.0,1769342675
106,10315,5.0,1769352602
107,333348,4.0,1769193279
107,181886,5.0,1769213440
107,493065,5.0,1769234089
107,755898,5.0,1769250664
107,11152,5.0,1769257998
107,429737,2.5,1769266435
107,83533,5.0,1769316071
107,646389,5.0,1769336357
107,645710,5.0,1769344722
107,1001835,5.0,1769352055
107,1577,4.5,1769364088
107,1181545,4.5,1769369271
107,1376434,4.5,1769370669
107,270303,5.0,1769379316
107,383498,5.0,1769400883
107,496,3.0,1769404007
108,778106,4.5,1769677390
108,424488,4.5,1769690874
108,324857,5.0,1769706670
108,1205315,1.0,1769712654
108,11638,5.0,1769719286
108,374720,5.0,1769745063
108,256274,5.0,1769761766
108,575265,5.0,1769789544
108,417688,4.0,1769830725
109,68726,5.0,1767830106
109,2637,4.0,1767889640
109,10610,5.0,1767914162
110,1634577,2.5,1769634712
110,717634,4.5,1769650957
110,276908,5.0,1769693375
110,13389,4.5,1769719363
110,1136867,5.0,1769725848
110,675353,5.0,1769752286
110,746036,5.0,1769767665
110,59436,5.0,1769786206
110,298095,5.0,1769893438
110,429200,3.5,1769894904
110,739870,5.0,1769907497
110,225565,5.0,1769913453
110,6477,4.5,1769920524
110,532639,5.0,1769929971
110,1087192,5.0,1769950436
110,312061,2.5,1769958550
110,1269161,5.0,1769996667
110,651114,1.5,1770016785
110,244267,5.0,1770021783
110,338953,5.0,1770026341
110,340485,5.0,1770056353
110,1411773,5.0,1770070778
111,974635,5.0,1769701946
111,1723521,2.0,1769767053
111,44912,4.5,1769841049
111,1648141,5.0,1769857191
111,512200,4.0,1769906609
111,1022789,5.0,1769912184
111,314365,4.5,1769933118
111,1308306,4.0,1769941699
111,454640,4.5,1769956792
111,1721131,3.5,1770011367
111,37735,5.0,1770019403
111,707886,4.5,1770054095
112,1569660,5.0,1767301051
112,619778,5.0,1767329111
112,938067,5.0,1767360791
112,126889,4.0,1767372412
112,1027073,5.0,1767413347
112,404378,4.5,1767457349
112,753923,1.5,1767464726
112,823464,5.0,1767490514
112,1570333,0.5,1767501541
112,17577,3.5,1767552046
112,1595445,1.5,1767560189
112,1087192,5.0,1767600409
112,169881,4.5,1767616610
112,1376434,5.0,1767623674
112,1444885,5.0,1767653773
113,20526,5.0,1769736583
113,796428,4.5,1769827284
113,1246967,5.0,1769837776
113,1720160,3.5,1769843747
113,1722764,2.0,1769852284
113,912908,5.0,1769903000
113,27205,5.0,1769904795
113,363088,5.0,1769952938
113,218784,5.0,1769972681
114,45772,5.0,1768184260
114,1319482,5.0,1768199697
114,774741,5.0,1768241008
114,1474325,5.0,1768298357
114,640146,5.0,1768305276
115,787699,5.0,1768282643
115,766520,5.0,1768299717
115,1585089,2.5,1768308896
115,346698,5.0,1768340117
115,1474061,5.0,1768388606
115,666243,5.0,1768395063
115,713704,4.5,1768406554
115,957304,4.5,1768413489
115,594767,5.0,1768468098
115,579047,4.5,1768474856
115,17431,5.0,1768518077
116,1578893,2.0,1769782638
116,7345,5.0,1769792054
116,59,5.0,1769812729
116,1594767,1.5,1769828137
116,1139231,3.5,1769836828
116,414977,4.5,1769859679
116,830353,0.5,1769866689
116,4970,4.5,1769877263
116,1303068,5.0,1769886446
116,14836,5.0,1769898460
116,1063877,5.0,1769917056
116,752623,4.5,1769933263
116,217993,5.0,1769943114
116,22947,5.0,1769973854
117,1008042,3.5,1768993810
117,952485,2.0,1769073692
117,38408,4.5,1769089012
117,425001,5.0,1769223392
117,78093,2.5,1769230641
117,668461,5.0,1769233672
117,502356,5.0,1769242155
117,360605,5.0,1769264792
117,1419826,3.5,1769317637
117,694656,2.0,1769368426
117,10152,4.5,1769447942
117,926008,3.0,1769454803
117,1507786,4.5,1769463571
117,1578643,0.5,1769484828
117,1378120,1.5,1769504347
118,1417059,4.5,1767647311
118,1716847,2.0,1767783538
119,594767,5.0,1768715351
119,18785,5.0,1768761150
119,1245993,5.0,1768765821
119,227973,5.0,1768798432
119,991494,5.0,1768835385
119,465926,4.5,1768907740
119,1263256,5.0,1768926864
119,340270,5.0,1768977890
119,419916,5.0,1768993340
119,710326,2.0,1769004277
119,69668,3.0,1769018840
120,373571,4.0,1768750930
120,62046,4.0,1768753634
120,1286181,1.0,1768780259
120,512200,5.0,1768872096
120,44129,5.0,1768897002
120,602147,5.0,1769004444
120,115290,5.0,1769011280
120,335977,3.5,1769109532
120,22794,5.0,1769160339
120,780609,5.0,1769183475
120,1579212,3.5,1769222032
120,14033,5.0,1769230263
120,126889,3.5,1769274738
120,702177,5.0,1769299654
120,1657425,3.0,1769319518
120,974931,5.0,1769349235
120,278927,5.0,1769420157
120,1011985,5.0,1769442828
120,1520664,5.0,1769458079
120,412117,5.0,1769468692
121,234200,3.5,1768499745
121,44214,5.0,1768520088
121,4723,4.0,1768565254
122,25462,5.0,1767989749
122,296096,5.0,1768030918
122,1469594,2.0,1768035378
122,1244039,4.0,1768053409
122,637969,3.0,1768058308
122,109424,5.0,1768087220
122,1246967,5.0,1768113377
122,762509,5.0,1768136152
122,894169,5.0,1768159319
122,1571254,1.5,1768175354
122,1121522,4.0,1768202708
122,339987,5.0,1768219102
122,457136,5.0,1768234418
122,438799,5.0,1768256912
122,528998,3.5,1768271682
122,1360627,2.5,1768282742
122,1089123,2.5,1768329886
122,1584262,5.0,1768342121
122,1545997,5.0,1768402520
122,666277,5.0,1768410203
122,273899,4.0,1768411968
122,523607,5.0,1768418615
122,18126,5.0,1768439316
122,1578116,0.5,1768460478
123,1125257,4.0,1769603083
123,1241982,5.0,1769685662
123,718789,4.5,1769700688
123,729016,1.5,1769731589
123,10191,5.0,1769738438
123,348611,2.5,1769778778
124,823625,5.0,1769231926
124,722913,5.0,1769250061
124,1647053,1.5,1769300864
124,22164,5.0,1769315414
124,299054,5.0,1769324619
124,1197306,5.0,1769368550
124,1458740,1.0,1769392563
124,752623,4.5,1769420821
124,243684,4.5,1769432331
124,1128655,4.5,1769454763
124,1577765,4.5,1769475473
124,515741,4.0,1769488305
124,528998,5.0,1769529866
124,1138194,5.0,1769548305
124,980078,3.5,1769587906
124,954061,1.5,1769597009
124,1579122,5.0,1769606386
124,928480,5.0,1769633969
124,425274,4.0,1769639348
124,1305717,5.0,1769668559
124,1074143,2.5,1769708419
124,522938,5.0,1769720832
124,516632,5.0,1769743209
124,1414300,5.0,1769766409
124,545609,5.0,1769777498
124,361743,4.5,1769780639
125,533533,5.0,1769555584
125,552524,3.5,1769576540
125,728949,2.5,1769646633
125,181533,5.0,1769654824
125,12155,5.0,1769714239
125,668489,3.5,1769718488
125,1637323,4.5,1769731542
125,400106,5.0,1769826339
125,808,5.0,1769854633
125,1387382,5.0,1769866156
125,1548178,4.5,1769892332
125,1354831,4.0,1769957626
125,659991,5.0,1769977891
125,1490265,2.0,1770015038
125,1538573,5.0,1770020797
125,13515,3.0,1770022931
125,244786,5.0,1770028581
125,286217,3.5,1770044973
125,1644292,5.0,1770051759
125,1597655,1.5,1770067068
126,1128655,4.0,1768764244
126,819876,5.0,1768801375
126,1531861,0.5,1768820270
126,1180929,2.0,1768827936
126,1721516,3.0,1768843780
126,1254274,1.5,1768903026
126,932420,5.0,1768944961
126,47971,5.0,1768955469
127,1696092,1.0,1767389238
127,11910,4.5,1767416080
127,7485,3.0,1767424375
127,694811,5.0,1767444064
127,1511035,5.0,1767453075
127,425134,4.5,1767521097
127,717930,4.5,1767537497
127,1375640,0.5,1767558092
127,749754,0.5,1767607641
127,41215,4.5,1767628033
127,1467820,0.5,1767666729
127,562478,1.0,1767724137
127,1505358,5.0,1767744749
127,82695,3.5,1767753221
127,1242898,3.5,1767755260
127,249397,4.0,1767760297
127,8643,5.0,1767766426
127,889675,2.0,1767800727
127,976912,4.5,1767816722
127,454983,4.5,1767852802
128,1540365,4.5,1768216192
128,1644292,4.5,1768235407
129,1824,5.0,1767421344
129,519182,5.0,1767438891
129,1713456,5.0,1767453802
129,13390,4.5,1767468250
129,324114,5.0,1767478066
129,83533,5.0,1767488307
129,1721201,1.5,1767498626
129,1294203,5.0,1767514610
129,350998,3.5,1767553181
129,758336,5.0,1767609272
129,798286,5.0,1767671529
129,1186532,5.0,1767703228
129,402431,5.0,1767785504
129,429617,4.0,1767816983
129,392,2.5,1767834186
129,343611,5.0,1767847948
129,420817,5.0,1767937749
129,1669735,1.5,1767943809
130,713704,3.5,1769300788
130,373569,3.5,1769310678
130,1240443,5.0,1769344687
130,523139,4.0,1769385637
130,10316,3.5,1769394959
130,1242898,4.0,1769441922
130,283995,5.0,1769472977
130,293660,5.0,1769487006
130,418243,5.0,1769493255
130,934433,5.0,1769517046
130,209112,5.0,1769545213
130,10955,5.0,1769587602
130,1228246,5.0,1769618216
130,408266,4.0,1769641966
130,512200,5.0,1769659914
130,1551063,5.0,1769667516
130,9383,3.5,1769690510
130,572802,5.0,1769755451
130,569094,5.0,1769802714
130,216282,4.5,1769812783
130,1160003,5.0,1769828342
131,1306863,2.5,1768806574
131,19912,5.0,1768830601
131,340102,5.0,1768851142
131,273477,5.0,1768870777
131,885683,3.0,1768945813
132,1700139,5.0,1769276233
132,533535,5.0,1769303504
132,1410082,5.0,1769332413
132,339380,5.0,1769358184
132,616037,5.0,1769372615
132,244786,5.0,1769392734
133,1433490,2.5,1768806565
133,1234821,5.0,1768823217
133,912649,5.0,1768920165
133,536869,3.5,1768929341
133,375366,4.5,1768932131
133,262841,5.0,1768959370
133,1574685,2.0,1768978173
133,1428194,5.0,1768984249
133,10681,5.0,1769001173
133,60308,3.0,1769049508
133,1396819,5.0,1769057112
134,125509,5.0,1769040829
134,35690,5.0,1769066066
134,1022789,5.0,1769092394
134,1568707,0.5,1769100212
134,38579,5.0,1769155336
134,1241982,5.0,1769197346
134,2652,3.0,1769231064
134,334543,5.0,1769238092
134,1680418,0.5,1769241309
134,511817,3.5,1769258110
135,1384732,5.0,1768746337
135,299534,5.0,1768768144
135,1579132,5.0,1768774165
135,855,5.0,1768798507
135,10523,5.0,1768816050
135,38365,5.0,1768852749
135,719221,4.5,1768863813
135,1293803,1.0,1768871580
135,49021,4.5,1768884190
135,9023,5.0,1768942287
135,6557,5.0,1768969117
135,31011,5.0,1768982019
135,373571,5.0,1769027175
135,1167307,5.0,1769057541
135,1084199,5.0,1769107717
135,1572144,1.0,1769180545
136,84330,5.0,1768721653
136,23827,5.0,1768749539
136,646207,5.0,1768799391
136,73935,5.0,1768845815
137,952485,2.5,1768284319
137,207703,5.0,1768310993
137,1054867,4.5,1768368004
137,414419,5.0,1768409973
137,795853,3.5,1768447770
137,1535215,3.0,1768501406
137,373473,5.0,1768507944
137,1144954,2.5,1768550022
137,1390959,2.0,1768583578
137,16237,5.0,1768597414
137,505948,5.0,1768616506
137,2310,4.0,1768618018
138,1480736,3.0,1769036084
138,1484693,5.0,1769054296
138,1387382,4.5,1769069567
138,206284,5.0,1769080327
138,19556,3.5,1769138936
139,800939,4.0,1768391738
139,379686,5.0,1768399536
139,1439112,4.0,1768453443
139,406563,4.0,1768475121
139,61791,4.0,1768481750
139,961484,3.0,1768521784
139,1726559,1.0,1768528035
139,1717754,0.5,1768529628
139,70578,5.0,1768544737
139,770156,5.0,1768601353
139,157433,4.5,1768622363
139,9913,5.0,1768648304
139,939243,5.0,1768664437
139,2832,3.0,1768667600
139,693134,5.0,1768694790
139,696002,4.0,1768701785
139,474392,5.0,1768710199
139,1119317,2.5,1768726529
139,546121,5.0,1768780530
139,1632718,2.5,1768829857
139,330457,5.0,1768854401
139,318201,5.0,1768863624
140,9592,4.0,1768058386
140,33871,5.0,1768069371
140,1429520,4.0,1768112916
140,487242,5.0,1768150054
140,433498,5.0,1768168462
140,1556191,5.0,1768178064
141,152532,4.5,1767531404
141,1216191,4.5,1767551931
141,1355755,5.0,1767573548
142,212716,3.0,1769373330
142,272,5.0,1769412936
142,972488,5.0,1769428906
142,984249,4.5,1769457234
142,316154,4.0,1769492630
142,1454763,2.5,1769546911
142,260513,5.0,1769655123
142,2057,5.0,1769693820
142,1497882,2.0,1769711939
142,1566269,4.0,1769715570
142,1707925,1.5,1769747895
142,505948,5.0,1769756870
142,300681,4.5,1769777819
142,323675,4.5,1769789606
142,16523,5.0,1769834914
142,1677057,0.5,1769860224
142,454640,4.0,1769874826
142,76115,5.0,1769909885
142,1411773,5.0,1769926396
142,829280,5.0,1769949843
143,181886,5.0,1768821992
143,855,5.0,1768841838
143,982271,2.0,1768851699
143,1652398,4.0,1768887820
143,198663,5.0,1768913825
143,1329336,4.0,1768933555
143,1097699,2.0,1769014206
143,1212271,4.0,1769020429
143,1540365,1.0,1769046515
143,398818,4.5,1769116534
143,343668,4.0,1769125887
143,1657817,1.0,1769150031
143,13008,4.5,1769167640
143,913290,5.0,1769219430
144,527261,5.0,1768065732
144,64682,5.0,1768084638
144,1632948,0.5,1768087587
144,464733,4.5,1768090756
144,354859,5.0,1768166156
144,228150,5.0,1768193879
144,1533827,2.5,1768197889
144,1417605,5.0,1768208698
144,1125899,5.0,1768216669
144,256474,4.0,1768227669
144,249151,4.5,1768232602
144,339984,4.5,1768243811
144,1594401,2.0,1768259904
144,1403483,2.5,1768297955
144,445651,5.0,1768321676
144,11329,5.0,1768332636
144,44946,5.0,1768364748
144,133790,5.0,1768395267
144,1184918,5.0,1768416737
144,1599383,2.0,1768480233
144,1461714,5.0,1768548069
144,1653827,2.5,1768567683
144,1721836,1.0,1768591881
144,31299,5.0,1768598464
144,1121070,2.0,1768622453
145,1020112,1.0,1769104209
145,1635671,3.5,1769113852
145,1106739,4.5,1769181338
145,458156,5.0,1769188660
145,950387,2.5,1769243811
145,681887,3.0,1769256530
145,549509,3.5,1769308832
146,21208,5.0,1769068778
146,1338972,4.5,1769080886
146,6477,5.0,1769103132
146,1264573,5.0,1769116070
146,1254896,4.5,1769132528
146,737568,5.0,1769185949
146,82675,5.0,1769192223
146,148703,5.0,1769210951
146,539892,5.0,1769230855
146,11351,3.0,1769237257
146,976912,5.0,1769282039
146,1771,5.0,1769290679
146,42480,3.0,1769308432
146,1533140,1.0,1769311201
146,420821,4.5,1769322585
146,1598974,2.5,1769342799
146,1719601,2.0,1769348794
146,519182,5.0,1769368547
146,469916,5.0,1769380415
146,1305998,5.0,1769387895
146,71469,5.0,1769401626
146,59965,5.0,1769426729
146,1141424,5.0,1769446328
146,1249213,5.0,1769457191
146,36686,4.0,1769475433
146,1537843,1.5,1769516787
146,1151020,5.0,1769534090
147,838681,5.0,1769138225
147,14784,5.0,1769147387
147,361743,4.0,1769174593
147,928270,3.5,1769182782
147,1196067,4.5,1769229341
147,939243,5.0,1769238737
147,44896,5.0,1769291134
147,152747,2.5,1769296082
147,391713,3.5,1769298053
147,1308306,1.5,1769305125
147,228165,4.5,1769321590
147,562600,3.0,1769324435
147,14728,5.0,1769414731
147,14846,2.5,1769448191
147,1228246,3.5,1769456266
147,238713,5.0,1769466116
148,32293,3.5,1769080778
148,214756,5.0,1769114196
148,121986,5.0,1769122018
148,298312,3.0,1769131097
148,648043,4.0,1769140344
148,410113,5.0,1769148091
148,972533,4.5,1769160148
148,1364715,1.0,1769178134
148,13355,5.0,1769220849
148,1241982,4.5,1769223129
148,846867,5.0,1769231131
149,76600,4.5,1769347543
149,798645,4.5,1769357275
149,1145758,4.5,1769382431
149,652806,2.0,1769391099
149,653851,5.0,1769425567
149,19688,5.0,1769433790
149,180,5.0,1769458854
149,215807,3.0,1769480617
149,231,5.0,1769510808
149,1022789,5.0,1769516408
149,220471,5.0,1769552802
149,1276324,5.0,1769559573
149,1610018,2.5,1769582021
149,1234731,4.5,1769606436
149,872585,5.0,1769615718
150,1597065,5.0,1769210394
150,670292,5.0,1769235229
150,182560,5.0,1769266154
150,791373,5.0,1769301732
150,723347,5.0,1769306879
150,1217585,5.0,1769312564
150,17335,2.0,1769342917
150,10196,4.5,1769373621
150,882598,4.0,1769376038
150,937161,4.0,1769429793
150,1540927,5.0,1769437464
151,1226220,1.5,1768795637
151,1355755,5.0,1768866999
152,1561418,2.0,1769158699
152,1128614,5.0,1769164762
152,770922,5.0,1769186845
152,588228,5.0,1769191604
152,950396,5.0,1769198796
152,893723,5.0,1769229105
152,1643203,0.5,1769283560
152,1284004,5.0,1769289723
152,516329,5.0,1769309382
152,831815,5.0,1769316882
152,619979,5.0,1769364240
152,228150,5.0,1769387519
152,942922,5.0,1769405615
152,330457,5.0,1769442339
153,746689,4.5,1769258564
153,1701066,1.5,1769337631
153,1467633,2.5,1769344925
153,1145351,3.5,1769362695
153,1559825,5.0,1769395098
153,1579784,2.0,1769427827
153,141,5.0,1769471697
153,402431,5.0,1769489848
153,359246,5.0,1769518508
153,335796,5.0,1769526206
153,1301310,4.0,1769588134
153,14574,5.0,1769602735
153,1484693,5.0,1769657925
153,68335,4.0,1769699980
153,1062722,5.0,1769731524
153,9947,4.5,1769747529
153,1507811,3.5,1769760346
153,1138194,5.0,1769812944
153,171274,5.0,1769827644
153,912908,5.0,1769857534
154,1722824,2.0,1768127531
154,465926,3.5,1768161941
154,1635689,3.0,1768162979
154,1540995,2.0,1768179633
154,447404,5.0,1768192568
154,474350,5.0,1768206154
154,1054867,3.5,1768210001
154,1361524,1.5,1768227147
154,1723165,2.0,1768261403
155,1389449,3.5,1767819231
155,1722706,2.5,1767857450
155,168259,5.0,1767876739
155,315635,5.0,1767896373
155,568124,5.0,1767912308
155,8065,5.0,1767921105
155,70981,5.0,1767931171
155,976912,5.0,1767960023
155,277834,5.0,1767966936
155,677179,5.0,1767984677
155,1584262,5.0,1768003905
155,12526,5.0,1768048488
155,67326,5.0,1768067656
155,780797,5.0,1768080009
155,321612,5.0,1768102042
155,76492,5.0,1768124418
155,656663,5.0,1768133165
155,1465762,1.5,1768156108
155,4959,4.0,1768206981
155,552524,5.0,1768247244
155,172226,5.0,1768297565
155,1497882,2.0,1768300381
155,785542,5.0,1768331520
155,587562,5.0,1768341414
155,60695,5.0,1768347785
155,1575948,2.5,1768358318
155,525428,5.0,1768377452
155,1223422,5.0,1768396243
155,742249,5.0,1768413691
156,284276,4.5,1768570974
156,1035866,4.0,1768583641
156,1597016,5.0,1768589365
156,1265,5.0,1768607418
156,1167307,5.0,1768641515
156,678512,4.0,1768655004
156,1577494,0.5,1768661272
156,404733,4.0,1768714331
156,792307,5.0,1768719900
156,1233575,3.0,1768728391
156,72571,3.0,1768739200
156,773,4.5,1768744964
156,795853,3.0,1768823255
156,552524,4.0,1768831205
156,791348,4.5,1768850671
156,304372,5.0,1768858492
156,638974,4.0,1768875721
156,10972,4.0,1768921606
156,53182,3.0,1768960122
156,1498587,0.5,1768981496
156,287424,3.5,1768999530
156,581726,4.5,1769017750
156,249397,5.0,1769063942
156,68721,5.0,1769133371
156,192132,3.5,1769138796
157,140983,5.0,1767741013
157,4347,5.0,1767750996
157,1579145,4.0,1767752805
157,302156,4.5,1767760111
157,1579611,5.0,1767767364
157,1389009,2.0,1767797140
157,454640,5.0,1767805283
157,1722751,0.5,1767828307
157,523931,2.5,1767828863
157,858024,5.0,1767839426
157,9778,4.0,1767894963
157,899294,3.5,1767912242
158,1516391,4.0,1769716765
158,850165,4.5,1769754971
158,253866,3.5,1769774897
158,8316,3.0,1769786935
158,174751,5.0,1769813030
158,1307078,5.0,1769818038
158,1588020,1.5,1769850915
158,1263256,5.0,1769880561
158,10028,5.0,1769922438
158,1594891,5.0,1769984157
158,80198,4.5,1770039752
158,405775,4.5,1770080037
158,795514,5.0,1770124243
158,1303068,5.0,1770128190
158,502425,5.0,1770137327
158,135397,3.5,1770139410
158,1298983,2.0,1770146444
159,933260,5.0,1768053337
159,513427,5.0,1768060290
159,157763,3.5,1768090484
159,790493,5.0,1768101363
159,312221,5.0,1768128957
159,1469354,5.0,1768161926
159,575923,5.0,1768171837
159,500916,4.5,1768186579
160,1653827,2.0,1768577761
160,826510,3.5,1768599189
160,575264,5.0,1768600461
161,13067,4.5,1769193864
161,1294203,4.5,1769199465
161,1327862,5.0,1769208092
161,1034541,5.0,1769215308
161,130150,5.0,1769243961
161,37861,5.0,1769289548
161,548032,4.0,1769298341
161,1576012,5.0,1769305869
161,1011082,5.0,1769313749
161,798946,5.0,1769322330
161,544431,4.5,1769347647
161,119675,5.0,1769359256
161,149509,5.0,1769387246
161,1585476,4.0,1769406347
161,10715,5.0,1769413439
161,1097549,5.0,1769426010
162,56292,5.0,1769789128
162,142,5.0,1769799849
162,976912,5.0,1769818822
162,326359,5.0,1769840104
162,37529,4.0,1769894832
162,347647,5.0,1769901190
162,585083,3.5,1769910601
162,166428,5.0,1769916953
162,978796,4.5,1769927898
162,876510,1.5,1769944716
162,1301310,5.0,1769970643
162,1205315,3.5,1769981147
162,6145,5.0,1770047859
162,575265,5.0,1770063010
163,329865,5.0,1768848026
163,940551,4.5,1768877079
163,438631,3.0,1768884295
163,1541524,5.0,1768900532
163,47971,3.5,1768909664
163,521007,3.5,1768927599
163,1229910,3.5,1768948227
163,1491621,2.5,1768971860
163,661374,3.0,1769000931
163,1371151,3.5,1769010473
163,1473017,0.5,1769033517
163,1301941,1.5,1769090637
163,11870,4.0,1769112093
164,611914,5.0,1769763949
164,9471,5.0,1769830755
164,844606,1.5,1769857412
164,329865,5.0,1769869330
164,1615120,5.0,1769885474
165,1625102,3.0,1769460311
165,803796,5.0,1769479194
165,884605,5.0,1769499330
165,1467633,2.5,1769515498
165,1291442,2.5,1769529821
165,1713456,5.0,1769536352
165,1531102,2.0,1769553055
165,11375,2.0,1769591743
165,1433794,0.5,1769611462
165,826510,5.0,1769622008
165,2062,5.0,1769665929
165,757725,3.0,1769675303
165,408647,3.0,1769697876
165,858024,4.0,1769725959
165,273477,4.5,1769776081
166,7345,3.5,1769519516
166,37056,5.0,1769576289
166,972230,5.0,1769584997
166,1567856,0.5,1769611149
166,9502,4.0,1769616500
166,295315,5.0,1769644863
166,814930,2.5,1769666747
166,50698,4.0,1769688140
166,253344,4.5,1769695128
166,140420,5.0,1769703335
166,533535,5.0,1769721652
166,1505626,2.0,1769761489
166,98566,4.5,1769783430
166,697843,5.0,1769830299
166,551806,5.0,1769857155
167,476968,5.0,1767780642
167,522681,4.0,1767796990
167,157825,5.0,1767857459
167,216474,5.0,1767973363
167,602654,5.0,1767984124
167,1135486,4.5,1768003767
168,53182,5.0,1769673158
168,520758,5.0,1769683076
168,1722497,2.0,1769735613
168,529203,5.0,1769759717
168,1311798,1.5,1769815261
168,152581,4.5,1769828584
168,1570479,5.0,1769867532
168,1717231,0.5,1769932335
168,20694,4.0,1769935030
168,1398050,5.0,1770022003
169,1221827,0.5,1767595057
169,8859,5.0,1767600815
169,592983,4.5,1767611902
169,39254,2.5,1767631338
169,259611,4.0,1767643390
169,11036,5.0,1767672772
169,1175942,5.0,1767694588
169,44896,5.0,1767709283
169,1661217,0.5,1767793781
170,176,4.0,1769826776
170,502356,5.0,1769833908
170,507244,4.0,1769848157
170,517116,5.0,1769876204
170,37786,3.0,1769878259
170,281957,4.5,1769902632
171,534126,3.5,1767698557
171,228205,5.0,1767744347
171,547932,4.0,1767753080
171,814930,3.5,1767775805
171,829280,5.0,1767803295
171,802219,5.0,1767838126
171,850439,5.0,1767849068
171,42188,5.0,1767893395
171,749170,5.0,1767927457
172,1369482,1.5,1768948494
172,1078605,5.0,1768971105
172,1623873,0.5,1768975527
172,547565,5.0,1768982405
172,370567,5.0,1769030011
172,150540,5.0,1769041894
172,1169789,5.0,1769054113
172,443650,3.0,1769064135
172,557099,4.5,1769090661
172,799546,3.5,1769093748
172,333484,5.0,1769120636
172,1474290,5.0,1769142451
172,1022789,5.0,1769170537
172,297802,4.5,1769177772
173,1578680,5.0,1767539220
173,581644,5.0,1767557031
173,740952,5.0,1767577937
173,739405,5.0,1767587567
173,976912,5.0,1767630696
173,18240,5.0,1767654020
173,693134,5.0,1767658156
173,540901,4.5,1767667641
173,423108,4.5,1767670351
173,5820,5.0,1767697822
173,9509,5.0,1767751763
173,385687,5.0,1767777292
173,1723336,2.0,1767797840
173,163,4.5,1767812680
173,1314438,5.0,1767841314
173,11478,3.5,1767846223
173,848932,3.5,1767854261
173,1160185,2.0,1767864000
173,1439896,1.5,1767899014
173,220289,5.0,1767913634
173,1717738,0.5,1767936753
173,330483,5.0,1767976727
173,1233413,5.0,1767998096
173,1474061,5.0,1768004341
173,955644,2.5,1768007863
173,527641,5.0,1768029714
174,9471,5.0,1769022531
174,561,5.0,1769051624
174,567189,4.5,1769069858
174,1327862,5.0,1769083324
174,978796,4.5,1769139607
174,872954,3.0,1769143822
174,20662,5.0,1769169502
174,393345,4.5,1769222834
174,547932,2.0,1769225307
175,14424,5.0,1767589131
175,1585354,5.0,1767666917
175,858024,5.0,1767675648
175,1143190,4.0,1767711160
175,395992,5.0,1767751520
175,1365345,5.0,1767758526
175,41436,5.0,1767783943
175,294793,5.0,1767805444
175,393457,3.0,1767823949
175,1651403,1.5,1767837485
175,1680578,0.5,1767841269
175,81540,5.0,1767876568
175,1631475,3.0,1767890841
176,43666,4.5,1768076950
176,423204,4.5,1768095867
177,569094,5.0,1768295480
178,9334,2.0,1768600560
178,667177,3.5,1768611835
178,1503871,1.0,1768625361
178,590223,4.5,1768657550
178,820525,4.5,1768671996
178,418078,4.5,1768717770
178,662546,4.5,1768750498
178,316154,3.5,1768765290
178,359724,3.0,1768780311
178,241257,4.5,1768794093
178,1581486,0.5,1768833865
178,38575,4.0,1768844338
178,508943,3.0,1768883439
179,1001414,2.0,1769049334
179,441168,3.5,1769052458
179,800510,4.0,1769076799
179,1717744,1.5,1769083508
179,436969,3.0,1769169906
179,988537,5.0,1769228979
179,13649,5.0,1769249895
179,211065,2.0,1769282018
180,940551,5.0,1768551830
180,20912,4.5,1768564379
180,634649,5.0,1768568486
180,447365,5.0,1768583875
180,1007401,5.0,1768591339
180,531499,5.0,1768596264
180,9042,5.0,1768619860
180,1145438,5.0,1768628317
180,1576287,5.0,1768648225
180,220882,4.5,1768656008
180,1593289,5.0,1768670270
180,568620,5.0,1768693622
180,1584805,0.5,1768700609
180,6538,3.0,1768806173
180,1317149,5.0,1768836899
181,1426776,5.0,1768293438
181,1399056,2.0,1768303853
181,18585,2.5,1768326098
181,123105,3.0,1768332553
181,122906,5.0,1768378390
181,301528,3.5,1768390457
181,649609,3.0,1768397708
181,974262,5.0,1768430770
181,22164,5.0,1768462650
181,460465,4.5,1768469847
181,111190,2.5,1768474044
181,1355144,0.5,1768482928
182,423988,4.0,1769816435
182,43959,5.0,1769824268
182,823610,5.0,1769902260
182,337404,5.0,1769944588
183,1457884,0.5,1768093190
183,634528,5.0,1768126129
183,42480,2.5,1768137720
183,372343,4.5,1768182253
183,1022789,3.0,1768183569
183,917007,4.0,1768189902
183,49530,5.0,1768209244
183,1266636,2.5,1768227428
183,45162,3.5,1768249955
183,102382,4.5,1768304156
183,446893,4.0,1768348197
183,1016121,4.5,1768383835
183,1372212,1.0,1768396018
183,290764,4.5,1768427833
183,314365,5.0,1768435700
184,350,5.0,1767776441
184,469916,5.0,1767776884
184,412762,4.5,1767778926
184,14635,5.0,1767780447
184,271331,5.0,1767803086
184,1387330,1.5,1767832482
184,451048,5.0,1767854207
184,1324402,5.0,1767861677
184,287947,5.0,1767887427
184,95610,5.0,1767901037
184,49020,5.0,1767909455
184,4564,5.0,1767920946
184,8961,5.0,1767937089
184,1290159,5.0,1767948497
184,1723336,1.0,1767971711
184,1601090,1.0,1767974079
184,254128,5.0,1768002066
184,49047,5.0,1768004959
184,1294203,5.0,1768033491
184,211065,5.0,1768046947
184,27735,5.0,1768058480
184,10196,5.0,1768064911
184,1075175,5.0,1768069152
184,1292123,5.0,1768134668
184,1632873,5.0,1768142348
184,14161,5.0,1768173954
184,9913,5.0,1768196839
184,324857,5.0,1768211875
184,1457400,5.0,1768227145
184,1234731,5.0,1768255021
184,83533,5.0,1768300753
184,932086,5.0,1768309438
184,259072,5.0,1768319763
184,2024,5.0,1768323862
184,1547446,3.5,1768345146
185,582014,3.0,1768158136
185,739997,2.5,1768174046
185,608812,4.5,1768235560
185,1173559,2.5,1768289158
185,504172,5.0,1768306044
185,1158863,4.0,1768338424
185,1115712,4.5,1768358329
185,359724,5.0,1768383415
185,436053,1.5,1768439914
185,76493,3.0,1768443046
185,24950,4.0,1768463878
185,1262294,0.5,1768466966
185,634492,2.0,1768487465
185,1722803,5.0,1768506134
185,779816,5.0,1768553156
186,7191,5.0,1767321890
186,1218762,4.0,1767338730
186,406759,5.0,1767380959
186,9285,5.0,1767383242
186,238603,5.0,1767405220
186,558915,5.0,1767412933
186,1927,5.0,1767428618
186,1437048,2.0,1767481200
186,512412,4.0,1767520868
187,1625102,3.0,1768719596
187,175574,4.0,1768787554
188,1022796,5.0,1768791608
188,1179221,5.0,1768807486
188,860623,4.0,1768818246
188,1396819,5.0,1768852844
188,1663082,5.0,1768906865
188,1702581,5.0,1768911593
188,28355,3.0,1768998929
188,1233413,4.5,1769019224
188,502356,4.5,1769028244
188,848538,5.0,1769051608
189,225832,5.0,1768099370
189,743137,0.5,1768169234
189,1681450,1.5,1768191780
189,787752,3.0,1768216504
189,919849,4.0,1768224908
189,147441,4.0,1768232828
189,1186563,2.5,1768234341
189,1607853,0.5,1768251805
190,548032,1.5,1767543796
190,749170,4.5,1767561976
190,1430943,0.5,1767570754
190,1061474,2.5,1767611996
190,1723364,0.5,1767614118
190,1352874,3.5,1767621176
190,4348,5.0,1767636189
191,489999,4.0,1769320035
191,109428,2.5,1769366219
191,733567,5.0,1769384585
191,1261902,3.0,1769388954
191,438631,5.0,1769432719
191,1583564,1.0,1769480099
191,748783,5.0,1769495791
192,1233146,1.5,1767692612
192,1638644,5.0,1767722689
192,523773,5.0,1767729694
192,773117,2.5,1767791474
193,648878,4.5,1768764682
193,1046758,5.0,1768794090
193,333352,4.5,1768811709
193,346672,4.5,1768821534
193,1138194,4.5,1768838227
193,207883,5.0,1768893430
193,122,5.0,1768916666
193,1296111,5.0,1768951967
193,597208,5.0,1768952966
193,1603280,5.0,1768959913
193,1233413,5.0,1768965500
193,1534100,2.5,1768980242
193,424488,5.0,1769043272
194,1600680,5.0,1767809940
194,1285965,5.0,1767841060
194,1242898,5.0,1767930149
195,1421982,5.0,1768943299
195,480530,5.0,1768961446
195,1531309,5.0,1768982459
195,782081,4.0,1768989517
195,556574,5.0,1769115385
195,617126,4.5,1769174923
195,1511564,5.0,1769180437
195,752623,4.0,1769200063
195,844606,1.0,1769232791
195,295699,5.0,1769242633
195,696506,5.0,1769254573
195,814338,2.5,1769303475
195,9654,3.0,1769307066
195,360605,4.0,1769308268
195,1719635,1.5,1769312980
195,1673097,0.5,1769347989
195,1294203,3.0,1769350931
195,35558,5.0,1769376719
195,520758,5.0,1769424185
195,804406,4.0,1769451293
195,23082,3.5,1769467337
195,1535824,1.5,1769476605
195,930564,3.0,1769506024
196,41402,4.5,1768417983
196,177572,5.0,1768442517
196,412656,5.0,1768450119
196,634492,5.0,1768508470
196,1084242,5.0,1768524793
196,22619,2.5,1768566189
196,1234821,4.5,1768577900
196,111234,3.5,1768593393
196,49051,5.0,1768606815
196,1228246,5.0,1768626554
196,547932,3.0,1768718872
196,181812,5.0,1768726277
196,1496149,1.5,1768738662
196,1008547,1.0,1768782686
197,1353815,5.0,1768337516
197,1497495,1.5,1768347450
198,1129598,4.0,1769398861
198,1493467,2.5,1769500889
198,1293167,4.5,1769523685
198,200727,4.5,1769543314
198,955,4.0,1769553162
199,9297,5.0,1767850600
199,277547,2.5,1767877496
199,967847,4.5,1767892013
199,271110,3.0,1767896486
199,1287624,4.0,1767900309
199,806929,3.0,1767916849
199,1417059,2.5,1767982516
199,455476,4.0,1768069200
199,441168,5.0,1768075308
199,659088,4.5,1768080873
199,489929,5.0,1768104528
199,116745,4.5,1768110197
199,1635798,2.0,1768117069
200,14623,3.5,1767737036
200,870358,3.5,1767740428
200,38050,3.0,1767787798
200,901362,5.0,1767804907
200,1705639,2.5,1767814580
200,13252,5.0,1767826491
200,545609,5.0,1767835203
200,427641,2.0,1767861790
200,59967,5.0,1767870709
200,1713369,5.0,1767895108
200,1064028,5.0,1767936592
200,179826,5.0,1767948400
200,8835,4.5,1767976715
200,8584,3.0,1767983628
200,577721,5.0,1768005880
